Ji,Jf,L1,L2,R2_L1L1,R2_L1L2,R2_L2L2,R4_L1L1,R4_L1L2,R4_L2L2,R6_L1L1,R6_L1L2,R6_L2L2,R8_L1L1,R8_L1L2,R8_L2L2
1.5,0.5,1,2,0.5,0.866,-0.5,0.0,0.0,0.0,0.0,0.0,0.0,0.0,0.0,0.0
1.5,1.5,1,2,-0.4,0.7746,0.0,0.0,0.0,0.0,0.0,0.0,0.0,0.0,0.0,0.0
1.5,2.5,1,2,0.1,-0.5916,0.3571,0.0,0.0,0.0,0.0,0.0,0.0,0.0,0.0,0.0
1.5,3.5,2,3,-0.1429,-0.4629,0.5,0.0,0.0,0.0,0.0,0.0,0.0,0.0,0.0,0.0
1.5,4.5,3,4,-0.25,-0.3708,0.5409,0.0,0.0,0.0,0.0,0.0,0.0,0.0,0.0,0.0
2.5,0.5,2,3,-0.5345,0.378,-0.8018,-0.6172,-1.0911,0.1543,0.0,0.0,0.0,0.0,0.0,0.0
2.5,1.5,1,2,0.3742,0.9487,-0.1909,0.0,0.0,0.7054,0.0,0.0,0.0,0.0,0.0,0.0
2.5,2.5,1,2,-0.4276,0.5071,0.1909,0.0,0.0,-0.3968,0.0,0.0,0.0,0.0,0.0,0.0
2.5,3.5,1,2,0.1336,-0.6944,0.3245,0.0,0.0,0.1176,0.0,0.0,0.0,0.0,0.0,0.0
2.5,4.5,2,3,-0.1909,-0.5297,0.4009,-0.0147,0.1019,-0.0444,0.0,0.0,0.0,0.0,0.0,0.0
2.5,5.5,3,4,-0.3341,-0.4173,0.3924,0.007,0.1314,-0.1602,0.0,0.0,0.0,0.0,0.0,0.0
3.5,0.5,3,4,-0.8183,0.2113,-0.9274,0.1709,-0.6621,0.5128,0.6528,1.1798,0.0435,0.0,0.0,0.0
3.5,1.5,2,3,-0.4676,0.5051,-0.5455,-0.3582,-0.9671,-0.019,0.0,0.0,-0.8704,0.0,0.0,0.0
3.5,2.5,1,2,0.3273,0.9449,-0.0779,0.0,0.0,0.6367,0.0,0.0,0.0,0.0,0.0,0.0
3.5,3.5,1,2,-0.4364,0.378,0.2494,0.0,0.0,-0.4775,0.0,0.0,0.0,0.0,0.0,0.0
3.5,4.5,1,2,0.1528,-0.7416,0.2962,0.0,0.0,0.1737,0.0,0.0,0.0,0.0,0.0,0.0
3.5,5.5,2,3,-0.2182,-0.5563,0.3273,-0.0253,0.1614,-0.0627,0.0,0.0,-0.0183,0.0,0.0,0.0
3.5,6.5,3,4,-0.3819,-0.433,0.2867,0.0121,0.2056,-0.2188,0.0015,-0.0121,-0.0025,0.0,0.0,0.0
4.5,1.5,3,4,-0.7569,0.3062,-0.7444,0.1281,-0.7774,0.1693,0.3077,0.8714,-0.0213,0.0,0.0,0.9633
4.5,2.5,2,3,-0.4325,0.5455,-0.4129,-0.2684,-0.8465,-0.066,0.0,0.0,-0.6714,0.0,0.0,0.0
4.5,3.5,1,2,0.3028,0.9354,-0.0197,0.0,0.0,0.5857,0.0,0.0,0.0,0.0,0.0,0.0
4.5,4.5,1,2,-0.4404,0.3015,0.2752,0.0,0.0,-0.5125,0.0,0.0,0.0,0.0,0.0,0.0
4.5,5.5,1,2,0.1651,-0.7687,0.2752,0.0,0.0,0.2102,0.0,0.0,0.0,0.0,0.0,0.0
4.5,6.5,2,3,-0.2359,-0.5698,0.2752,-0.0338,0.204,-0.0735,0.0,0.0,-0.0344,0.0,0.0,0.0
4.5,7.5,3,4,-0.4129,-0.4395,0.2127,0.0161,0.2575,-0.2493,0.0032,-0.0241,-0.0046,0.0,0.0,0.0022
5.5,2.5,3,4,-0.7191,0.3454,-0.6326,0.1067,-0.7692,0.0171,0.1998,0.6718,-0.0326,0.0,0.0,0.646
5.5,3.5,2,3,-0.4109,0.5641,-0.3319,-0.2237,-0.7676,-0.0849,0.0,0.0,-0.5532,0.0,0.0,0.0
5.5,4.5,1,2,0.2876,0.9269,0.0158,0.0,0.0,0.5505,0.0,0.0,0.0,0.0,0.0,0.0
5.5,5.5,1,2,-0.4425,0.2509,0.289,0.0,0.0,-0.5309,0.0,0.0,0.0,0.0,0.0,0.0
5.5,6.5,1,2,0.1738,-0.7862,0.2596,0.0,0.0,0.2359,0.0,0.0,0.0,0.0,0.0,0.0
5.5,7.5,2,3,-0.2483,-0.5776,0.2371,-0.0406,0.2358,-0.0804,0.0,0.0,-0.0488,0.0,0.0,0.0
5.5,8.5,3,4,-0.4346,-0.4424,0.1588,0.0194,0.2956,-0.2668,0.005,-0.0354,-0.0064,0.0,0.0,0.005
6.5,3.5,3,4,-0.6934,0.3669,-0.5572,0.094,-0.7464,-0.0651,0.1498,0.5548,-0.0348,0.0,0.0,0.4791
6.5,4.5,2,3,-0.3962,0.5742,-0.2774,-0.197,-0.7138,-0.094,0.0,0.0,-0.4793,0.0,0.0,0.0
6.5,5.5,1,2,0.2774,0.9199,0.0396,0.0,0.0,0.5254,0.0,0.0,0.0,0.0,0.0,0.0
6.5,6.5,1,2,-0.4438,0.2148,0.2972,0.0,0.0,-0.5418,0.0,0.0,0.0,0.0,0.0,0.0
6.5,7.5,1,2,0.1803,-0.7984,0.2476,0.0,0.0,0.255,0.0,0.0,0.0,0.0,0.0,0.0
6.5,8.5,2,3,-0.2575,-0.5825,0.208,-0.046,0.2603,-0.0851,0.0,0.0,-0.0612,0.0,0.0,0.0
6.5,9.5,3,4,-0.4507,-0.4437,0.1179,0.022,0.3245,-0.2773,0.0066,-0.0457,-0.0079,0.0,0.0,0.0082
7.5,4.5,3,4,-0.6748,0.3803,-0.503,0.0856,-0.724,-0.1151,0.1217,0.4801,-0.0346,0.0,0.0,0.3823
7.5,5.5,2,3,-0.3856,0.5803,-0.2382,-0.1794,-0.6751,-0.0991,0.0,0.0,-0.4295,0.0,0.0,0.0
7.5,6.5,1,2,0.2699,0.9142,0.0567,0.0,0.0,0.5066,0.0,0.0,0.0,0.0,0.0,0.0
7.5,7.5,1,2,-0.4446,0.1879,0.3024,0.0,0.0,-0.5488,0.0,0.0,0.0,0.0,0.0,0.0
7.5,8.5,1,2,0.1852,-0.8074,0.2382,0.0,0.0,0.2696,0.0,0.0,0.0,0.0,0.0,0.0
7.5,9.5,2,3,-0.2646,-0.5858,0.1852,-0.0506,0.2797,-0.0885,0.0,0.0,-0.0718,0.0,0.0,0.0
8.5,5.5,3,4,-0.6607,0.3894,-0.4622,0.0797,-0.7045,-0.1481,0.1039,0.4288,-0.0339,0.0,0.0,0.3206
8.5,6.5,2,3,-0.3776,0.5843,-0.2087,-0.167,-0.6459,-0.1021,0.0,0.0,-0.3939,0.0,0.0,0.0
8.5,7.5,1,2,0.2643,0.9095,0.0696,0.0,0.0,0.4921,0.0,0.0,0.0,0.0,0.0,0.0
8.5,8.5,1,2,-0.4451,0.1669,0.306,0.0,0.0,-0.5536,0.0,0.0,0.0,0.0,0.0,0.0
8.5,9.5,1,2,0.1892,-0.8143,0.2305,0.0,0.0,0.2812,0.0,0.0,0.0,0.0,0.0,0.0
9.5,6.5,3,4,-0.6497,0.396,-0.4303,0.0753,-0.688,-0.1712,0.0918,0.3917,-0.0331,0.0,0.0,0.2784
9.5,7.5,2,3,-0.3713,0.587,-0.1856,-0.1577,-0.6233,-0.1039,0.0,0.0,-0.3672,0.0,0.0,0.0
9.5,8.5,1,2,0.2599,0.9056,0.0796,0.0,0.0,0.4806,0.0,0.0,0.0,0.0,0.0,0.0
9.5,9.5,1,2,-0.4455,0.1502,0.3086,0.0,0.0,-0.557,0.0,0.0,0.0,0.0,0.0,0.0
